Question_ID,Question,Selections,Answer,Explanation
1,"( ) 提出推进国家治理体系和治理能力现代化, 提出推进社会领域的制度创新, 加快形成科学有效的社会治理体系。从“社会管理” 变成“社会治理” 的表达的变化, 具有重要意义。",A. 十八届三中全会B. 十八届四中全会C. 十九届三中全会D. 十九届四中全会,A,"本题考查“社会治理” 概念的提出。党的十八届三中全会通过的《中共中央关于全面深化改革若干重大问题的决定》中采用了新的“社会治理” 概念, 代替了原来的“社会管理” 。提出社会治理的总体目标是“确保社会既充满活力又和谐有序”; 社会治理的主要方向是以人民利益为基础, 以维护社会和谐、社会发展活力、平安中国、国家安全、社会安定有序为基本方向。"
2,"根据《关于加强社会工作专业人才队伍建设的意见》对老年人福利机构、儿童福利机构、婚姻家庭服务机构、青少年服务机构等以社会工作服务为主的事业单位, 可将社会工作专业岗位明确为主体( ) 岗位。",A. 管理B. 工勤C. 专业技术D. 专业技能,C,"本题考查事业单位中社会工作专业岗位设置的规定。《关于加强社会工作专业人才队伍建设的意见》提出, 根据事业单位社会功能、职责任务、工作性质、人员结构等因素, 分类设置社会工作专业岗位。对老年人福利机构、残疾人福利和服务机构、儿童福利机构、收养服务机构、妇女儿童援助机构、困难职工帮扶机构、婚姻家庭服务机构、青少年服务机构、社会救助服务和管理机构、优抚安置服务保障机构等以社会工作服务为主的事业单位, 可将社会工作专业岗位明确为主体专业技术岗位。对学校、医院、人口计服生务机构等需要开展社会工作服务的单位, 要将社会工作专业岗位纳入专业技术岗位管理范围。故选C。"
3,"根据《民政部中央农村工作领导小组办公室财政部国家乡村振兴局关于进一步做好最低生活保障等社会救助兜底保障工作的通知》, 各地要加强政府购买社会救助服务, 提升社会救助专业化水平, 充分发挥社工、志愿者等作用, 在村级全面设立( ) , 困难群众较多的村(社区) 建立社会救助服务站( 点) 。",A. 民政协助员B. 社会救助协理员C. 民生救助员D. 社会福利救助员,B,"本题考查社会救助兜底保障工作的新规定。《民政部中央农村工作领导小组办公室财政部国家乡村振兴局关于进一步做好最低生活保障等社会救助兜底保障工作的通知》规定: 各地要加强基层社会救助经办服务能力建设, 通过政府购买社会救助服务, 在村级全面设立社会救助协理员, 困难群众较多的村(社区) 建立社会救助服务站( 点) 。加强社会救助业务培训、人才队伍建设, 采取政策解读、专家授课、案例培训、经验介绍等方式, 增强社会救助经办人员对政策的理解和把握, 提升服务水平。故选B。"
4,"受理最低生活保障申请后, 应当核查家庭收入。根据《最低生活保障审核确认办法》，农林牧渔业的生产收入, 属于家庭收入中的( ) 。",A. 工资性收入B. 财产净收入C. 转移净收入D. 经营净收入,D,"本题考查家庭收入的归类。家庭收入指共同生活的家庭成员在规定期限内获得的全部现金及实物收入。家庭收入包括工资性收入、经营净收入、财产净收入、转移净收入, 其中经营净收入指从事生产经营及有偿服务活动所获得全部经营收入扣除经营费用、生产性固定资产折旧和生产税之后得到的收入。包括从事种植、养殖、采集及加工等农林牧渔业的生产收入, 从事工业、建筑业、手工业、交通运输业、批发和零售贸易业、餐饮业、文教卫生业和社会服务业等经营及有偿服务活动的收入等。故选D。"
5,"根据《最低生活保障审核确认办法》, 关于申请最低生活保障的说法, 正确的是( ) 。","A. 不得委托他人代为提出申请B. 应当由户主向戶籍所在地村( 居) 民委员会提出书面申请C. 共同生活的家庭成员户籍所在地不在同一省, 且与经常居住地均不一致的, 家庭成员可单独向其经常居住地提出申请D. 共同生活的家庭成员户籍所在地不在同一省的, 可以由其中一个户籍所在地与经常居住地一致的家庭成员向其户籍所在地提出申请",D,"本题考查低保申请的规定。根据《最低生活保障审核确认办法》规定, 申请最低生活保障以家庭为单位, 由申请家庭确定一名共同生活的家庭成员作为申请人,向户籍所在地乡镇人民政府(街道办事处) 提出书面申请, B 选项错误。共同生活的家庭成员户籍所在地不在同一省( 自治区、直辖市) 的, 可以由其中一个户籍所在地与经常居住地一致的家庭成员向其户籍所在地提出申请, D 选项正确。共同生活的家庭成员户籍所在地与经常居住地均不一致的, 可由任一家庭成员向其户籍所在地提出申请, C选项错误。共同生活的家庭成员申请有困难的, 可以委托村( 居) 民委员会或者其他人代为提出申请。委托申请的, 应当办理相应委托手续, A 选项错误。故选D。"
6,"特困人员的法定义务人是否具备履行赡养、抚养、扶养义务能力是特困人员认定条件之一。根据《特困人员认定办法》, 下列人员作为法定义务人, ( ) 应当无履行义务能力。","A. 张某, 35 周岁, 特困人员 B. 王某, 50 周岁, 最低生活保障对象 C. 陶某, 60 周岁, 农民专业合作社成员, 听力残疾 D. 李某, 65 周岁, 退休职工",A,"本题考查无履行义务能力人员的规定。法定义务人符合下列情形之一的,应当认定为无履行义务能力: 特困人员, A 选项正确; 60 周岁以上的最低生活保障对象; 70 周岁以上的老年人, 本人收入低于当地上年人均可支配收入, 且其财产符合当地低收入家庭财产状况规定的; 重度残疾人和残疾等级为三级的智力、精神残疾人, 本人收入低于当地上年人均可支配收入, 且其财产符合当地低收入家庭财产状况规定的; 无民事行为能力、被宣告失踪或者在监狱服刑的人员, 且其财产符合当地低收入家庭财产状况规定的; 省、自治区、直辖市人民政府规定的其他情形。故选A。"
7,"根据《城乡医疗救助基金管理办法》, 关于医疗救助基金支付救助对象相关费用的说法, 正确的是( ) 。","A. 门诊医疗费用, 不予支付 B. 参加基本医疗保险所需费用, 医疗救助基金予以支付 C. 购买商业医疗保险费用, 医疗救助基金予以支付 D. 因故未参加基本医疗保险, 个人自付医疗费用, 医疗救助基金不予支付",B,"本题考查城乡医疗救助基金使用的规定。城乡医疗救助基金的救助方式以住院救助为主, 同时兼顾门诊救助, A 选项错误; 商业保险由群众自费购买, C 选项错误; 对因各种原因未能参加基本医疗保险的救助对象个人自付医疗费用, 可直接给予救助, D 选项错误。故选B。"
8,"小王是甲乙丙村最低生活保障家庭成员、初中三年级学生, 根据《社会救助暂行办法》, 小王申请教育补助应向( ) 提出。",A. 就读学校 B. 丙村村民委员会 C. 乙乡人民政府 D. 甲县教育局,A,"本题考查教育救助的程序。申请教育救助, 应当按照国家有关规定向就学校提出, 按规定程序审核、确认后, 由学校按照国家有关规定实施。故选A。"
9,"根据《社会救助暂行办法》, 最低生活保障家庭中有劳动能力但未就业的成员，应当接受人力资源社会保障等有关部门介绍的工作。无正当理由, 连续三次拒绝接受相关部门介绍的与其健康状况、劳动能力等相适应的工作的, 县级人民政府民政部门可以( ) 。",A. 停发其本人的最低生活保障金 B. 追回其本人的最低生活保障金 C. 停发其家庭的最低生活保障金D. 追回其家庭的最低生活保障金,A,"本题考查低保动态管理的规定。《社会救助暂行办法》规定, 最低生活保障家庭中有劳动能力但未就业的成员, 应当接受人力资源社会保障等有关部门介绍的工作; 无正当理,由连续三次拒绝接受介绍的与其健康状况、劳动能力等相适应的工作的, 县级人民政府民政部门应当决定减发或者停发其本人的最低生活保障金。故选A。"
10,"根据《社会救助暂行办法》, 城镇家庭申请住房救助的, 应当向( ) 提出。",A. 社区居民委员会B. 乡镇人民政府、街道办事处C. 县级人民政府民政部门D. 县级人民政府住房保障部门,D,"本题考查住房救助申请的规定。《社会救助暂行办法》规定, 城镇家庭申请住房救助的, 应当经由乡镇人民政府、街道办事或处者直接向县级人民政住府房保障部门提出, 经县级人民政府民政部门审核家庭收入、财产状况和县级人民政府住房保障部门审核家庭住房状况并公示后, 对符合申请条件的申请人, 由县级人民政府住房保障部门优先给予保障。农村家庭申请住房救助的, 按照县级以上人民政府有关规定执行。故选D。"
11,"根据《中华人民共和老国年人权益保障法》, 我国建立和完善以( ) 为基础的社会养老服务体系。",A. 居家B. 社区C. 机构D. 社会工作服务站,A,"本题考查社会养老服务体系的规定。 《中华人民共和老国年人权益保障法》第五条规定, 国家建立多层次的社会保障体系, 逐步提高对老年人的保障水平。国家建立和完善以居家为基础、社区为依托、机构为支撑的社会养老服务体系。故选A。"
12,"女职工小丽与小强相恋, 双方分手后, 小强对小丽进行骚扰、纠缠并散布小丽隐私和个人信息, 根据《中华人民共和妇国女权益保障法》, 小丽可以向( ) 申请人身安全保护令。",A. 公安机关B. 人民法院C. 民政局D. 妇女联合会,B,"本题考查人身安全保护令的发出单位。 《中华人民共和妇国女权益保障法》第二十九条规定, 禁止以恋爱、交友为由或者在终止恋爱关系、离婚之后, 纠缠、骚扰妇女, 泄露、传播妇女隐私和个人信息。妇女遭受上述侵害或者面临上述侵害现实危险的, 可以向人民法院申请人身安全保护令。故选B。"
13,"小明的爷爷拟以小明父母失联为由, 申请认定小明为事实无人抚养儿童。根据《关于进一步加强事实无人抚养儿童保障工作的意见》, 认定小明父母失联的依据是, 小明父母双方均失去联系且未履行监护抚养责任( ) 以上。",A. 3 个月B. 6 个月C. 9 个月D. 12 个月,B,"本题考查事实无人抚养儿童的界定。事实无人抚养儿童是指父母双方均符合重残、重病、服刑在押、强制隔离戒毒、被执行其他限制人身自由的措施、失联情形之一的儿童; 或者父母一方死亡或失踪, 另一方符合重残、重病、服刑在押、强制隔离戒毒、被执行其他限制人身自由的措施、失联情形之一的儿童。其中, 重残是指一级二级残疾或三级四级精神、智力残疾; 重病由各地根据当地大病、地方病等实际情况确定; 失联是指失去联系且未履行监护抚养责任6 个月以上; 服刑在押、强制隔离戒毒或被执行其他限制人身自由的措施是指期限在6 个月以上; 死亡是指自然死亡或人民法院宣告死亡; 失踪是指人民法院宣告失踪。故选B。"
14,"根据《中华人民共和未国成年人保护法》, 下列未成年人, 民政部门应当依法对其进行长期监护的是( ) 。","A. 小明, 父亲去世, 母亲下落不明B. 小红, 监护人怠于履行监护职责, 导致无人照料C. 小梅, 流浪乞讨, 暂时查找不到其父母或者其他监护人D. 小飞, 监护人丧失监护能力且无其他人可以担任监护人",D,"本题考查对未成年人进行国家监护的规定。 《中华人民共和未国成年人保护法》第九十四条规定, 具有下列情形之一的, 民政部门应当依法对未成年人进行长期监护:( 一) 查找不到未成年人的父母或者其他监护人; (二) 监护人死亡或者被宣告死亡且无其他人可以担任监护人; ( 三) 监护人丧失监护能力且无其他人可以担任监护人;(四) 人民法院判决撤销监护人资格并指定由民政部门担任监护人; (五) 法律规定的其他情形。根据题目, 只有小飞符合第三种情形。故选D。"
15,"甲乙镇村残疾人贺某欲申领困难残疾人生活补贴。根据《国务院关于全面建立困难残疾人生活补贴和重度残疾人护理补贴制度的意见》, 贺某应当向( ) 受理窗口提交书面申请。",A. 丙村民委员会B. 乙镇人民政府C. 甲县残疾人联合会D. 甲县民政局,B,"本题考查残疾人两项补贴的申领程序。根据《国务院关于全面建立困难残疾人生活补贴和重度残疾人护理补贴制度的意见》的规定, 残疾人两项补贴由残疾人向户籍所在地街道办事处或乡镇政府受理窗口提交书面申请。由街道办事处或乡镇政府受理初审, 初审合格材料报送县残联审核, 审核合格材料转送县级人民政府民政部门审定, 审定合格材料由县级人民政府民政部门会同县级残联报同级财政部门申请拨付资金。故选B。"
16,"丁某拟与妻子协议离婚, 双方就丁某在婚姻关系存续期间所借债务是否为丁某个人债务产生分歧。根据《中华人民共和民国法典》, 下列债务, 应认定为丁某个人债务的是( ) 。",A. 丁某与他人赌博所借的债务B. 丁某以个人名义所借的购置家用电视的债务C. 丁某以个人名义所借的用于自家装修的债务D. 丁某以个人名义所借的用于夫妻共同生产经营的债务,A,"本题考查夫妻共同债务的规定。 《中华人民共民和法国》典第一千零六十四条规定, 夫妻关系存续期间产生的如下债务, 应认定为共同债务: 夫妻双方共同签名或者夫妻一方事后追认等共同意思表示所负的债务; 夫妻一方在婚姻关系存续期间以个人名义为家庭日常生需活要所负的债务。夫妻一方在婚姻关系存续期间以个人名义超出家庭日常生活需要所负的债务, 不属于夫妻共同债务; 但是, 债权人能够证明该债务用于夫妻共同生活、共同生产经营或者基于夫妻双方共同意思表示的除外。根据题目, B、C 、D 选项属于共同债务的情形, A 选项属于个人债务。故选A。"
17,"秦某、晋某结婚后, 没有进行财产约定。根据《中华人民共和国民法典》及相关司法解释, 秦某、晋某在婚姻关系存续期间所得的下列财产, 属于夫妻一方个人财产的是( ) 。",A. 秦某婚前个人财产婚后投资收入B. 晋某婚前个人存款婚后在法律规定内产生的孳息C. 秦某婚后出版著作收入D. 晋某婚后个人工资,B,"本题考查夫妻个人特有财产的规定。夫妻法定个人特有财产是指夫妻依据法律规定或双方约定, 各自享有财产所有权的财产。根据《中华人民共民和法国典》婚姻家庭编, 夫妻个人特有财产包括: 夫妻一方所有的婚前财产; 一方因受到人身损害获得的赔偿或者补偿; 遗嘱或赠与合同中确定只归一方的财产; 一方专用的生活用品; 其他应当归一方所有的财产。根据《民法典婚姻家庭编司法解释( 一) 》, 夫妻一方个人财产在婚后产生的孳息和自然增值, 军人的伤亡保险金、伤残补助金、医药生活补助费属于个人财产。认定夫妻个人特有财产时应注意, 夫妻一方所有的财产, 不因婚姻关系的延续而转化为夫妻共同财产, 但当事人另有约定的除外。A、C 、D 选项都属于婚后共同财产。故选B。"
18,"根据《中华人民共和国民法典》, 下列亲属, 属于近亲属的是()",A. 孙女B. 叔叔C. 外甥D. 岳母,A,"本题考查近亲属的规定。 《中华人民共和民国法典》第一千零四十五条规定, 亲属包括配偶、血亲和姻亲。配偶、父母、子女、兄弟姐妹、祖父母、外祖父母、孙子女、外孙子女为近亲属。故选A。"
19,"根据《中华人民共和民国法典》, 王某立遗嘱时, 下列人员可以作为遗嘱见证人的是( ) 。","A. 赵某, 限制民事行为能力人, 不是继承人B. 钱某, 完全民事行为能力人, 是受遗赠人C. 孙某, 完全民事行为能力人, 是王某的债权人D. 李某, 完全民事行为能力人, 是王某的主治医生, 无利害关系",D,"本题考查遗嘱见证人的规定。 《中华人民共和民国法典》继承编第一千一百四十条规定, 下列人员不能作为遗嘱见证人: 无民事行为能力人、限制民事行为能力人以及其他不具有见证能力的人; 继承人、受遗赠人; 与继承人、受遗赠人有利害关系的人。根据《民法典继承编司法解释( 一) 》第二十四条规定, 继承人、受遗赠人的债权人、债务人, 共同经营的合伙人, 也应当视为与继承人、受遗赠人有利害关系, 不能作为遗嘱的见证人。本题中, 赵某为限制民事行为能力人, 钱某为受遗赠人, 孙某为王某债权人, 均不能作为遗嘱见证人, 只有李某既是完全民事行为能力人, 又与王某没有利害关系。故选D。"
20,"根据《中华人民共和人国民调解法》, 经人民调解委员会调解达成调解协议后，当事人之间就调解协议的履行或者调解协议的内容发生争议的, 一方当事人可以( ) 。",A. 向行政机关提起诉讼B. 向行政机关提起复议C. 向人民法院提起诉讼D. 向人民法院申请强制执行,C,"本题考查调解协议的效力。经人民调解委员会调解达成的调解协议, 具有法律约束力, 当事人应当按照约定履行。人民调解委员会应当对调解协议的履行情况进行监督, 督促当事人履行约定的义务。经人民调解委员会调解达成调解协议后, 当事人之间就调解协议的履行或者调解协议的内容发生争议的, 一方当事人可以向人民法院提起诉讼。故选C。"
21,"根据《信访工作条例》, 信访人对信访处理意见不服的, 可以自收到书面答复之日起( ) 日内请求原办理机关、单位的上一级机关、单位复查。",A. 30 B. 45 C. 60 D. 90,A,"本题考查信访事项的办理期限。《信访工作条例》第三十五条规定, 信访人对信访处理意见不服的, 可以自收到书面答复之日起30 日内请求原办理机关、单位的上一级机关、单位复查。收到复查请求的机关、单位应当自收到复查请求之日起30 日内提出复查意见, 并予以书面答复。故选A。"
22,"某地发生山洪灾害影响涉及甲省乙市下辖的县某镇和丁县某乡交界地区, 根据《中华人民共和突国发事件应对法》, 这一突发事件的应对工作应该由( ) 人民政府负责。",A. 甲省B. 乙市C. 丙县D. 丁县,B," 本题考查突发事件应急管理体制。 《中华人民共突和发国事件应对法》第七条规定, 县级人民政对府本行政区域内突发事件的应对工作负责; 涉及两个以上行政区域的, 由有关行政区域共同的上一级人民政负府责, 或者由各有关行政区域的上一级人民政府共同负责。故选B。"
23,"根据《中华人民共和社国区矫正法》, 关于未成年人社区矫正的说法, 正确的是( ) 。","A. 未成年人的社区矫正和成年人社区矫正可以共同进行B. 年满14 周岁, 有就业意愿的, 社区矫正机构为其提供职业技能培训C. 未成年社区矫正对象在矫正期间表现优秀的可以公开表扬D. 未成年社区矫正对象在社区矫正期间年满18 周岁的, 继续按照未成年人社区矫正有关规定执行",D,"本题考查未成年人社区矫正的规定。对未成年人的社区矫正, 应当与成年人分别进行, A 选项错误。年满十六周岁的社区矫正对象有就业意愿的, 社区矫正机构可以协调有关部门和单位为其提供职业技能培训, 给予就业指导和帮助, B选项错误。社区矫正机构工作人员和其他依法参与社区矫正工作的人员对履行职责过程中获得的未成年人身份信息应当予以保密。除司法机关办案需要或者有关单位根据国家规定查询外, 未成年社区矫正对象的档案信息不得提供给任何单位或者个人。依法进行查询的单位, 应当对获得的信息予以保密, C选项错误。未成年社区矫正对象在社区矫正期间年满十八周岁的, 继续按照未成年人社区矫正有关规定执行。故选D。"
24,"根据《中华人民共和禁国毒法》, 下列吸毒成瘾人员, 公安机关可以直接对其做出强制隔离戒毒的是( ) 。","A. 小王, 15 岁, 拒绝接受社区禁毒管理B. 小李, 17 岁, 严重违反社区禁毒协议C. 小张, 22 岁, 怀孕3 个月D. 小赵, 32 岁, 孩子9 个月",B,"本题考查强制隔离戒毒的适用人员。 《中华人民共和禁国毒法》第三十八条、第三十九条规定, 吸毒成瘾人员有下列情形之一的, 由县级以上人民政府公安机关作出强制隔离戒毒的决定: ( 1) 拒绝接受社区戒毒的。(2) 在社区戒毒期间吸食、注射毒品的。 (3 ) 严重违反社区戒毒协议的。(4) 经社区戒毒、强制隔离戒毒后再次吸食、注射毒品的。但是, 怀孕或者正在哺乳自己不满一周岁婴儿的妇女、不满16 周岁的未成年人吸毒成瘾的, 可以不适用强制隔离戒毒。故选B。"
25,"小张, 26 周岁, 患有间歇性精神疾病, 发病时不能控制自己行为。某日, 小张发病期间违反了治安管理规定。根据《中华人民共和治国安管理处罚法》, 关于对小张处理的说法, 正确的是( ) 。","A. 不予处罚, 但是应当责令其监护人严加看管和治疗B. 从重处罚, 同时处罚其监护人C. 从轻处罚, 但是应从重处罚其监护人D. 减轻处罚, 责令其监护人送医治疗",A,"本题考查治安管理处罚的适用。 《中华人民共和治国安管理处罚法》第十三条规定, 精神病人在不能辨认或者不能控制自己行为的时候违反治安管理的, 不予处罚, 但是应当责令其监护人严加看管和治疗。间歇性的精神病人在精神正常的时候违反治安管理的, 应当给予处罚。故选A"
26,"公安机关认为对被处罚人暂缓执行行政拘留不致发生社会危险的, 由符合规定条件的担保人担保, 可以暂缓执行。根据《中华人民共和治国安管理处罚法》, 下列人员符合担保人条件的是( ) 。","A. 赵某, 与案件无牵连, 有当地常住户口, 被剥夺政治权利B. 李某, 本案证人, 有当地常住户口和固定住所, 工作稳定, 身体健康C. 王某, 本案证人, 有当地固定住所, 工作稳定, 薪资待遇较好, 身体健康D. 孙某, 与案件无牵连, 有当地常住戶口和固定住所, 工作稳定, 身体健康",D,"本题考查暂缓行政拘留中的担保人条件。 《中华人民共和治国安管理处罚法》第一百零七条规定, 被处罚人不服行政拘留处罚决定, 申请行政复议、提起行政诉讼的, 可以向公安机关提出暂缓执行行政拘留的申请。公安机关认为暂缓执行行政拘留不致发生社会危险的, 由被处罚人或者其近亲属提出符合规定条件的担保人, 或者按每日行政拘留二百元的标准交纳保证金, 行政拘留的处罚决定暂缓执行。担保人应当符合下列条件: ( 1 ) 与本案无牵连; (2 ) 享有政治权利, 人身自由未受到限制; (3 ) 在当地有常住户口和固定住所; (4) 有能力履行担保义务。故选D。"
27,"张某在甲省乙市县抗洪抢险中牺牲, 丙县人民政府提出了评定张某为烈士的报告。根据《烈士褒扬条例》, 该评定烈士的报告应由( ) 审查评定。",A. 退役军人事务部B. 甲省人民政府C. 甲省退役军人事务厅D. 乙市人民政府,B,"本题考查烈士评定机关。《烈士褒扬条例》第九条规定, 属于本条例第八条第一款第一项、第二项规定情形的(抢险救灾中牺牲) , 由县级人民政府提出评定烈士的报告并逐级上报至省、自治区、直辖市人民政府审查评定。故选B。"
28,"根据《中华人民共和英国雄烈士保护法》 的规定, 对侵害英雄烈士姓名、肖像、名誉、荣誉的行为, 英雄烈士的近亲属可以依法向人民法院提起诉讼。英雄烈士没有近亲属或者近亲属不提起诉讼的, ( ) 依法对侵害英雄烈士的姓名、肖像、名誉、荣誉, 损害社会公共利益的行为向人民法院提起诉讼。",A. 退役军人事务厅B. 烈士生前所在军队C. 检察机关D. 人民政府,C,"本题考查烈士荣誉保护。 《中华人民共和英国雄烈士保护法》第二十五条规定, 对侵害英雄烈士的姓名、肖像、名誉、荣誉的行为, 英雄烈士的近亲属可以依法向人民法院提起诉讼。英雄烈士没有近亲属或者近亲属不提起诉讼的, 检察机关依法对侵害英雄烈士的姓名、肖像、名誉、荣誉, 损害社会公共利益的行为向人民法院提起诉讼。故选C。"
29,"根据《中华人民共和退国役军人保障法》, 各地应当设置一定数量的基层公务员职位, 面向服现役满( ) 年的高校毕业生退役军人招考。",A. 2 B.3 C.4 D.5,D,"本题考查退役士兵安置的规定。 《中华人民共退和役国军人保障法》第四十三条规定, 各地应当设置一定数的量基层公务职员位, 面向服现役满五年的高校毕业生退役军人招考。故选D。"
30,"根据《军队离休退休干部服务管理办法》, 下列关于军队离休退休干部服务管理说法错误的是( ) 。",A. 举行新接收军休干部的迎接仪式B. 按时发放军休干部离退休费和津贴补贴C. 协助做好军休干部的医疗保障工作D. 主办军休干部去世后的丧葬事宜和遗产处理,D,"本题考查军休干部服务管理的内容。军休服务管理机构应当做好以下服务保障工作: ( 1) 举行新接收军休干部迎接仪式, A 选项正确。( 2) 按时发放军休干部离退休费和津贴补贴, 帮助符合条件的军休干部落实优抚待遇, B选项正确。( 3 ) 协调做好军休干部的医疗保障工作, 落实体检制度, 建立健康档案, 开展医疗保健知识普及活动, 引导军休干部科学保健、健康养生, C 选项正确。(4 ) 培育军休干部文化队伍, 开展军休文化体育活动, 引导和鼓励军休干部参与社会文化活动。( 5) 开展经常性走访探望, 定期了解军休干部情况和需求, 提供必要的关心照顾。(6) 协助办理军休干部去世后的丧葬事宜, 按照政策规定落实遗属待遇, D 选项错误。此外, 退役军人事务部门、军休服务管理机构还应当依法依规加强对军休干部参加社会组织、出国(境) 、著作出书、发表言论等事项的管理, 督促军休干部遵纪守和法遵守军休服务管理机构各项规章制度; 鼓励支持军休干部保持和发扬优良传统, 发挥自身优势, 继续贡献力量。故选D。"
31,"甲社区辖区现有20 个居民小组, 500 户, 18 周岁以上居民2000 人, 50 家企业事业单位。日前, 为修订居民公约, 社区居委会拟召集居民会议。根据《中华人民共和国城市居民委员会组织法》, 下列出席情形, 符合召开居民会议条件的是( ) 。",A. 18 周岁以上居民900 人出席B.200 戶各派1 名代表出席C. 20 个居民小组各选举代表2~3 人出席D. 30 家企业事业单位负责人出席,C,"本题考查召开居民会议的条件。居民会议由18 周岁以上的居民组成。既可以由全体18周岁以上的居民参加, 也可以由每户派代表参加, 还可以由每个居民小组选举代表2~3 人参加。但不管是哪种形式, 居民会议必须由全体18 周岁以上的居民、户的代表或者居民小组选举的代表的过半数出席, 才能举行。会议的决定, 由出席人的过半数通过。故选C。"
32,"人数较多或者居住分散的村, 可以设立村民代表会议, 讨论决定村民会议授权的事项。根据《中华人民共和村国民委员会组织法》, 关于村民代表会议的说法, 正确的是( ) 。","A. 村民代表会议每季度召开一次, 由村民委员会主任召集B. 有十分之一以上的村民代表提议, 应当召集村民代表会议C. 召集村民代表会议, 应当提前五天通知村民代表D. 村民代表会议有三分之二以上的组成人员参加方可召开",D," 本题考查召开村民代表会议的规定。 《中华人民共和村国民委员会组织法》第二十六条规定, 村民代表会议由村民委员会召集, 村民代表会议每季度召开一次, A选项错误。有五分之一以上的村民代表提议, 应当召集村民代表会议, B 选项错误。村民代表会议有三分之二以上的组成人员参加方可召开, 所作决定应当经到会人员的过半数同意, D 选项正确。召集村民会议, 应当提前10 天通知村民, C 选项错误。故选D。"
33,"根据《关于加强和改进城市基层党的建设工作的意见》, 关于提升党组织领导基层治理工作水平的说法, 正确的是( ) 。",A. 社会组织负责人由 “两委” 决定B. 整合党建、综治、城管等各类网格C. 业主委员会成员由 “两委” 成员担任D. 重点依托大型商超建好党群服务中心,B,"本题考查城市社区党的建设。《关于加强和改进城市基层党的建设工作的意见》规定, 提升党组织领导基层治理工作水平应当包括: ( 1 ) 健全党组织领导下的社区居民自治机制。在社区党组织领导下, 以社区居民委员会和居务监督委员会为基础, 完善协同联动的社区治理架构。推进在业主委员会中建立党组织, 符合条件的社区“ 两委” 成员通过法定程序兼任业主委员会成员, C选项错误。(2 ) 领导群团组织和社会组织参与基层治理。推动党的建设有关要求写人社会组织章程, 善于使党组织推荐的人选通过法定程序成为社会组织负责人, A 选项错误。( 3 ) 做实网格党建, 促进精细化治理。根据地域、居民、驻区单位、党组织和党员等情况, 调整优化网格设置, 整合党建、综治、城管等各类网格, B 选项正确。(4 ) 建设覆盖广泛、集约高效的党群服务中心。依托楼宇、园区、商圈、市场或较大的企业, 建设特色鲜明、功能聚焦的区域性党群服务中心(站点) , D 选项错误。故选B。"
34,"根据《中华人民共和乡国村振兴促进法》, 建立健全党委领导、政府负责、民主协商、社会协同、公众参与、法治保障、科技支撑的现代乡村社会治理体制和( )相结合的乡村社会治理体系。",A. 自治、法治、德治B. 自治、法治、共治C. 自治、善治、德治D. 法治、德治、善治,A,"本题考查乡村社会治理体系。 《中华人民共和乡国村振兴促进法》第四十一条规定, 建立健全党委领导、政府负责、民主协商、社会协同、公众参与、法治保障、科技支撑的现代乡村社会治理体制和自治、法治、德治相结合的乡村社会治理体系, 建设充满活力、和谐有序的善治乡村。故选A。"
35,"刘某, 慈善事业热心人士, 2022 年资助边远地区儿童教育公益项目6 万元, 个人申报的应纳税所得额为20 万元。根据《中华人民共和国个人所得税法》, 计算刘某2022 年应纳税所得额时, 可以从其申报的应纳税所得额中扣除( ) 万元。",A. 3 B. 4 C. 5 D. 6,D,"本题考查公益性捐赠税前扣除的规定。 《中华人民共和个国人所得税法》第六条规定, 个人将其所得对教育、扶贫济困等公益慈善事业进行捐赠, 捐赠额未超过纳税人申报的应纳税所得额30%的部分, 可以从其应纳税所得额中扣除; 国务院规定对公益慈善事业捐赠实行全额税前扣除的, 从其规定。根据题目, 刘某申报的应纳税所得额为20 万元, 故可以扣除的金额为20 万元×30 % = 6 万元, 故选D。"
36,"根据《中华人民共和慈国善法》, 慈善信托的受托人应当在慈善信托文件签订之日起七日內, 将相关文件向慈善信托的( ) 所在地县级以上人民政府民政部门备案。",A. 委托人B. 受托人C. 监察人D. 受益人,B,"本题考查公益信托设立的特别规定。 《中华人民共和慈国善法》第四十五条规定, 设立慈善信托、确定受托人和监察人, 应当采取书面形式。受托人应当在慈善信托文件签订之日起七日内, 将相关文件向受托人所在地县级以上人民政府民政部门备案。故选B。"
37,"为了筹集社会公益基金, 促进社会公益事业的发展, 我国境内允许发售彩票,根据《彩票管理条例》, 彩票应经( ) 特许发行。",A. 国务院B. 国务院财政部门C. 国务院民政部门D. 国务院体育行政部门,A,"本题考查彩票管理的规定。《彩票管理条例》规定, 国务院特许发行福利彩票、体育彩票。未经国务院特许, 禁止发行其他彩票。禁止在中华人民共和境国内发行、销售境外彩票。故选A。"
38,"甲社会工作服务机构在乙社区培育了一支志愿服务队, 为乙社区的高龄老年人服务。根据《志愿服务记录与证明出具办法(试行) 》, 该志愿者服务队应当在( )指导下, 记录志愿者的志愿服务信息。",A. 甲社会工作服务机构B. 乙社区居民委员会C. 乙社区所属的街道办事处D. 乙社区所在的县级民政部门,B,"本题考查志愿服务记录的规定。《志愿服务记录与证明出具办法(试行) 》第二十六条规定, 慈善组织、基层群众自治组织、公益活动举办单位、公共服务机构开展公益活动, 依法与志愿服务组织合作, 由志愿服务组织招募志愿者的, 应当由志愿服务组织做好志愿服务记录与证明出具工作; 依法自行招募志愿者的, 参照本办法关于志愿服务组织的规定做好志愿服务记录与证明出具工作。在城乡社区、单位内部成立的开展志愿服务活动的团体, 应当在对其实施管理的基层群众自治组织或者单位指导下, 记录志愿者的志愿服务信息。故选B。"
39,"根据《财政部税务总局民政部关于公益性捐赠税前扣除有关事项的公告》, 社会组织评估等级为( ) 以上(含) , 且符合其他有关要求的, 可按程序申请公益性捐赠税前扣除资格。",A. 2A B. 3A C. 4A D. 5A,B,"本题考查社会组织公益性捐赠税前扣除资格的规定。《财政部税务总局民政部关于公益性捐赠税前扣除有关事项的公告》规定, 在民政部门依法登记的社会组织, 取得公益性捐赠税前扣除资格应当同时符合八项规定, 其中之一为: 社会组织评估等级为3A 以上(含3A ) 且该评估结果在确认公益性捐赠税前扣除资格时仍在有效期内。故选B。"
40,"高某、张某和舒某取得社会工作者职业资格证书后, 拟共同出资10 万元, 创办社会工作服务机构, 提供青少年社会工作服务。根据社会组织登记管理相关规定, 创办该机构应当申请( ) 登记。",A. 社会团体B. 民办非企业单位C. 基金会D. 特别法人,B,"本题考查社会组织登记的规定。根据社会组织登记管理相关的规定, 创办社会工作服务机构应当申请民办非企业单位登记。故选B。"
41,"小王与几位同学合作成立了一家民办非营利性艺术培训机构。根据《民办非企业单位年度检查办法》, 关于该机构年检的说法, 正确的是( ) 。","A. 该机构应于3 月31 日前将年检材料报送登记管理机关B. 若该机构年检结论为“年检不合格” , 应当进行整改, 整改期限为半年C. 若该机构连续两年“ 年检不合格” , 登记管理机关应撤销其登记并公告D. 若该机构更换登记证书, 原有年检记录可以删除",C,"本题考查民办非企业单位年检的规定。《民办非企业单位年度检查办法》规定, 民办非企业单位于每年3 月31 日前向业务主管单位报送年检材料, 经业务主管单位出具初审意见后, 于5 月31 日前报送登记管理机关, A 选项错误。“年检基本合格” 和“年检不合格” 的民办非企业单位, 应当进行整改, 整改期限为3 个月, B 选项错误。机构更换登记证书, 应当保留原有的年检记录, D 选项错误。对连续2 年不参加年检或连续2 年“年检不合格” 的民办非企业单位, 予以撤销登记并公告, C 选项正确。故选C。"
42,"根据《中华人民共和慈国善法》, 除捐赠协议对管理费用另有约定外, 慈善组织中具有公开募捐资格的基金会年度管理费用不得超过当年总支出的( ) , 特殊情况难以符合前述规定的, 应当报告其登记的民政部门并向社会公开说明情况。",A. 12 % B. 15 % C.8 % D. 10%,D,"本题考查基金会财产的管理。 《中华人民共和慈国善法》第六十条规定, 慈善组织中具有公开募捐资格的基金会开展慈善活动的年度支出, 不得低于上一年总收入的70%或者前三年收入平均数额的70% ; 年度管理费用不得超过当年总支出的10% 。故选D。"
43,"根据《中华人民共和国劳动合同法》, 下列属于劳动合同必备条款的是( ) 。",A. 试用期B. 专项培训C. 劳动保护D. 竞业限制,C,"本题考查劳动合同的内容。劳动合同的内容包括法定条款和约定条款。根据《中华人民共和劳国动合同法》和《电子劳动合同订立指引》, 劳动合同应当以书面形式或可视为书面形式的电子劳动合同订立, 并具备以下条款: ( 1 ) 用人单位的名称、住所和法定代表人或者主要负责人。(2) 劳动者的姓名、住址和居民身份证或者其他有效身份证件号码。(3) 劳动合同期限。(4 ) 工作内容和工作地点。(5) 工作时间和休息休假。(6) 劳动报酬。(7 ) 社会保险。(8) 劳动保护、劳动条件和职业危害防护。(9) 法律、法规规定应当纳入劳动合同的其他事项。故选C。"
44,"根据《中华人民共和国劳动法》, 下列用人单位延长用工时间正确的是( ) 。","A. 用人单位由于生产经营需要, 经职工代表大会讨论决定后可以延长工作时间，一般每日不得超过1 小时B. 用人单位由于生产经营需要, 经与工会和劳动者协商后可以延长工作时间，般每日不得超过1 小时C. 因特殊原因需要延长工作时间的, 经单位负责人批准后可以延长工作时间，每日不得超过3 小时D. 因特殊原因需要延长工作时间的, 经劳动行政部门批准后可以延长工作时间，每日不得超过3 小时",B,"本题考查延长工作时间的规定。 《中华人民共和劳国动法》第四十一条规定，用人单位由于生产经营需要, 经与工会和劳动者协商后可以延长工作时间, 一般每日不得超过一小时; 因特殊原因需要延长工作时间的, 在保障劳动者身体健康的条件下延长工作时间每日不得超过3 小时, 但是每月不得超过36 小时。故选B。"
45,"女职工小王产假前月工资为6000 元, 所在单位上年度职工月平均工资为7500元, 当地上年度职工月平均工资为8000 元、月最低工资标准为2000 元。小王已通过所在单位参加生育保险。根据《中华人民共和社国会保险法》, 小王产假期间的生育津贴标准为每月( ) 元。",A. 2000 B. 6000 C. 7500 D. 8000,C,"本题考查生育津贴的规定。用人单位已经缴纳生育保险费的, 其职工享受生育保险待遇; 职工未就业配偶按照国家规定享受生育医疗费用待遇。生育保险待遇包括生育医疗费用和生育津贴, 所需资金从职工基本医疗保险基金中支付。生育医疗费用包括女职工生育的检查费、接生费、手术费、住院费和药费等, 生育津贴按照职工所在用人单位上年度职工月平均工资计发。《女职工劳动保护特别规定》第八条也规定, 女职工产假期间的生育津贴, 对已经参加生育保险的, 按照用人单位上年度职工月平均工资的标准由生育保险基金支付; 对未参加生育保险的, 按照女职工产假前工资的标准由用人单位支付。故选C。"
46,"根据《劳动保障监察条例》, 劳动保障行政部门对违反劳动保障法律、法规或者规章行为的调查, 应当自立案之日起( ) 个工作日内完成。",A. 30 B. 45 C. 60 D. 90,C,"本题考查劳动保障监察的调查期限。《劳动保障监察条例》规定, 劳动保障行政部门对违反劳动保障法律、法规或者规章的行为的调查, 应当自立案之日起60 个工作日内完成; 对情况复杂的, 经劳动保障行政部门负责人批准, 可以延长30 个工作日。故选C。"
47,"根据《劳动保障监察条例》, 用人单位向社会保险经办机构申报应缴纳的社会保险费数额时, 瞒报工资总额或者职工人数的, 由劳动保障行政部门责令改正, 并处瞒报工资数额1 倍以上( ) 倍以下的罚款。",A. 2 B.3 C. 4 D. 5,B,"本题考查劳动保障监察的法律责任。《劳动保障监察条例》第二十七条规定,用人单位向社会保险经办机构申报应缴纳的社会保险费数额时, 瞒报工资总额或者职工人数的, 由劳动保障行政部门责令改正, 并处瞒报工资数额1 倍以上3 倍以下的罚款。故选B。"
48,"小雪, 执业医师, 拟晋升副高级技术职称。根据《中华人民共和国基本医疗卫生与健康促进法》, 小雪应当有累计1 年以上在( ) 以下或者对口支援的医疗卫生机构提供医疗卫生服务的经历。",A. 县级B. 市级C. 省级D. 国家级,A,"本题考查执业医师晋升的规定。 《中华人民共和基国本医疗卫生与健康促进法》第五十六条规定, 国家建立医疗卫生人定员期到基层和艰苦边远地区从事医疗卫生工作制度。国家采取定向免费培养、对口支援、退休返聘等措施, 加强基层和艰苦边远地区医疗卫生队伍建设。执业医师晋升为副高级技术职称的, 应当有累计一年以上在县级以下或者对口支援的医疗卫生机构提供医疗卫生服务的经历。故选A。"
49,"甲医院在给乙企业职工集体体检时, 发现该企业职工老徐为疑似职业病人, 遂告知老徐并及时通知乙企业。乙企业及时安排对老徐进行诊断。根据《中华人民共和国职业病防治法》, 老徐在诊断、医学观察期间的费用, 由( ) 承担。",A. 老徐本人B. 乙企业C. 基本医疗保险基金D. 工伤保险基金,B,"本题考查职业病人保障的规定。 《中华人民共职和业国病防治法》第五十五条规定, 医疗卫生机构发现疑似职业病人时, 应当告知劳动者本人并及时通知用人单位。用人单位应当及时安排对疑似职业病人进行诊断; 在疑似职业病人诊断或者医学观察期间, 不得解除或者终止与其订的劳动合同。疑似职业病人在诊断、医学观察期间的费用, 由用人单位承担。故选B。"
50,"根据《关于加强心理健康服务的指导意见》, 每所高等院校均应设立心理健康教育与咨询中心(室) , 按照师生比不少于( ) 配备从事心理辅导与咨询服务的专业教师。",A. 1 : 1000 B. 1 : 2000 C. 1 : 3000 D. 1 : 4000,D,"本题考查建立健全心理健康服务网络的规定。《关于加强心理健康服务的指导意见》提出, 教育系统要进一步完善学生心理健康服务体系, 提高心理健康教育与咨询服务的专业化水平。每所高等院均校设立心理健康教育与咨询中心(室) , 按照师生比不少于1 : 4000 配备从事心理辅导与咨询服务的专业教师。中小学校设立心理辅导室,并配备专职或兼职教师。学前教和育特殊教机育构要配备专(兼) 职心理健康工作人员。故选D。"
51,"根据《中华人民共和人国口与计划生育法》, 托育机构有虐待婴幼儿的行为的,其直接负责的主管人员和其他直接责任人员( 不得从事婴幼儿照护服务。",A. 3 年B. 5 年C. 10 年D. 终身,D,"本题考查建立普惠托育服务体系的规定。 《中华人民共和人国口与计划生育法》规定, 托育机构有虐待婴幼儿行为的, 其直接负责的主管人员和其他直接责任人员终身不得从事婴幼儿照护服务; 构成犯罪的, 依法追究刑事责任。故选D。"
52,"根据《中华人民共和社国会保险法》, 下列参加基本养老保险的个人, 可以按月领取基本养老金的是( ) 。","A. 张某, 达到法定退休年龄, 累计缴费12 年, 在家照顾晚辈B. 何某, 达到法定退休年龄, 累计缴费20 年, 被企业返聘C. 赵某, 未达到法定退休年龄, 累计缴费25 年, 部分丧失劳动能力D. 王某, 未达到法定退休年龄, 累计缴费30 年, 肢体残疾",B,"本题考查基本养老金的领取条件。 《中华人民共和社国会保险法》规定, 参加基本养老保险制度的个人, 达到法定退休年龄时, 累计缴费满15 年的, 按月领取基本养老金。故选B。"
53,"赵某, 甲省户籍, 分别在乙省、丙省、丁省参加企业职工基本养老保险4 年、6年、9 年, 丁省为其当前基本养老保险关系所在地。现赵某已达到养老保险待遇领取条件。根据《城镇企业职工基本养老保险关系转移接续暂行办法》, 应由( ) 省为赵某按规定办理待遇领取手续。",A. 甲B. 乙C. 丙D. 丁,A,"本题考查参保者退休后的待遇领取地。基本养老保险关系不在户籍所在地, 且在每个参保地的累计缴费年限均不满10 年的, 将其基本养老保险关系及相应资金归集到户籍所在地, 由户籍所在地按规定办理待遇领取手续。故选A。"
54,"张某参加了职工基本医疗保险。根据《国务院办公厅关于建立健全职工基本医疗保险门诊共济保障机制的指导意见》, 下列与张某共同生活的家庭成员, 在定点医疗机构就医发生的由个人负担的医疗费用, 可以由张某的职工基本医疗保险个人账户支付的是其( ) 。",A. 姑姑B. 弟弟C. 女儿D. 外孙女,C,"本题考查职工医疗保险门诊共济保障机制的规定。《国务院办公厅关于建立健全职工基本医疗保险门诊共济保障机制的指导意见》规定, 个人账户主要用于支付参保人员在定点医疗机构或定点零售药店发生的政策范围内自付费用。可以用于支付参保人员本人及其配偶、父母、子女在定点医疗机构就医发生的由个人负担的医疗费用, 以及在定点零售药店购买药品、医疗器械、医用耗材发生的由个人负担的费用。故选C。"
55,"根据《中华人民共和社国会保险法》, 生育保险待遇包括( ) 和生育津贴。",A. 住院误工费B. 生活护理费C. 生育医疗费用D. 住院伙食补助费,C,"本题考查生育保险待遇的规定。 《中华人民共社和会国保险法》第五十四条规定, 用人单位已经缴纳生育保险费的, 其职工享受生育保险待遇; 职工未就业配偶按照国家规定享受生育医疗费用待遇。生育保险待遇包括生育医疗费用和生育津贴, 所需资金从职工基本医疗保险基金中支付。故选C。"
56,"根据《中华人民共和社国会保险法》, 用人单位应当按照( ) , 根据社会保险经办机构确定的费率缴纳工伤保险费。",A. 本单位职工工资总额B. 本单位职工平均工资C. 本地当年社会平均工资D. 本地上一年度社会平均工资,A,"本题考查工伤保险费的缴费标准。 《中华人民共社和会国保险法》第三十五条规定, 用人单位应当按照本单位职工工资总额, 根据社会保险经办机构确定的费率缴纳工伤保险费。故选A。"
57,"根据《失业保险条例》, 下列领取失业保险金的人员, 可继续领取失业保险金的是( ) 。","A. 甲, 应征入伍服务B. 乙, 移居境外C. 丙, 办理退休手续D. 丁, 申请低保获批",D,"本题考查停止领取失业保险金的情形。《中华人民共和社国会保险法》第五十一条规定, 失业人员在领取失业保险金期间有下列情形之一的, 停止领取失业保险金, 同时停止享受其他失业保险待遇。这些情形包括: 1重新就业的; 2应征服兵役的; 3移居境外的; 4享受基本养老保险待遇的; 5无正当理, 由拒不接受当地人民政府指定部门或者机构介绍的适当工作或者提供的培训的。故选D。"
58,"根据《中华人民共和社国会保险法》, 下列支出, 可由社会保险基金支付的是( )。",A. 社保经办机构人员经费B. 社会保险费征缴管理费用C. 参保人员因病死亡的丧葬补助金D. 参保人员境外就医的费用,C,"本题考查社会保险基金的支付范围。 《中华人民共和社国会保险法》规定,社会保险基金不得违规投资运营, 不得用于平衡其他政府预算, 不得用于兴建、改建办公场所和支付人员经费、运行费用、管理费用, 或者违反法律、行政法规规定作其他用途。故A 、B 选项错误。第三十条规定, 下列医疗费用不纳入基本医疗保险基金支付范围:( 一) 应当从工伤保险基金中支付的; (二) 应当由第三人负担的; (三) 应当由公共卫生负担的; ( 四) 在境外就医的, D 选项错误。故选C。"
59,"根据《国家医保局财政部关于进一步做好基本医疗保险跨省异地就医直接结算工作的通知》, 跨省异地就医直接结算的住院、普通门诊和门诊慢特病医疗费用, 执行( ) 规定的基本医疗保险基金起付标准、支付比例、最高支付限额、门诊慢特病病种范围等有关政策。",A. 参保地B. 就医地C. 戶籍地D. 居住地,A,"本题考查跨省异地就医结算的规定。《国家医保局财政部关于进一步做好基本医疗保险跨省异地就医直接结算工作的通知》规定, 参保人员跨省异地就医直接结算住院、普通门诊和门诊慢特病医疗费用时, 原则上执行就医地规定的支付范围及有关规定( 基本医疗保险药品、医疗服务项目和医用耗材等支付范围) , 执行参保地规定的基本医疗保险基金起付标准、支付比例、最高支付限额、门诊慢特病病种范围等有关政策。故选A。"
60,"某工厂位于甲省乙市丙县, 因不可抗力造成生产经营出现严重困难, 拟申请暂缓缴纳社会保险费。根据《实施〈中华人民共和社国会保险法〉若干规定》, 经( )批准后, 该工厂可以暂缓缴纳社会保险费。",A. 甲省人力资源和社会保障厅B. 乙市人力资源和社会保障局C. 丙区人民政府D. 乙市人民政府,A,"本题考查用人单位暂缓缴纳社会保险费的规定。《实施〈中华人民共和社国会保险法〉若干规定》第二十一条规定, 用人单位因不可抗力造成生产经营出现严重困难的, 经省级人民政府社会保险行政部门批准后, 可以暂缓缴纳一定期限的社会保险费,期限一般不超过一年。暂缓缴费期间, 免收滞纳金。到期后, 用人单位应当缴纳相应的社会保险费。故选A。"
61,"根据《自然灾害救助条例》, 下列组织机构应设立专职或兼职的自然灾害信息员的有( ) 。",A. 某村民委员会B. 某居民委员会C. 某煤矿企业D. 某公办中学E. 某户外救援协会,ABCD,"本题考查自然灾害救助准备工作的规定。《自然灾害救助条例》第十二条规定, 县级以上地方人民政应府当加强自然灾害救助人员的队伍建设和业务培训, 村民委员会、居民委员会和企业事业单位应当设立专职或者兼职的自然灾害信息员。故选A 、B 、C 、D 。"
62,"根据《中华人民共和法国律援助法》, 下列人员申请法律援助, 免予核查经济困难状况的有( ) 。","A. 小张, 特困人员, 持有特困人员供养相关证明B. 小李, 优抚对象, 持有因公牺牲军人遗属优待证C. 小王, 进城务工人员, 持有请求工伤事故人身损害赔偿的材料和相关证明D. 老赵, 退休职工, 持有请求交通事故人身损害赔偿的材料和相关证明E. 老吴, 农民, 持有请求支付生态破坏损害赔偿的材料和相关证明",ABC,"本题考查法律援助的审查程序。 《中华人民共和法国律援助法》规定, 法律援助申请人有材料证明属于下列人员之一的, 免予核查经济困难状况: 无固定生活来源的未成年人、老年人、残疾人等特定群体; 社会救助、司法救助或者优抚对象; 申请支付劳动报酬或者请求工伤事人故身损害赔偿的进城务工人员; 法律、法规、规章规定的其他人员。故选A 、B、C。"
63,"根据《城市生活无着的流浪乞讨人员救助管理办法实施细则》, 受助人员出现下列情形, 救助站应当终止对其救助的有( ) 。","A. 被发现故意提供虚假信息、误导救助站工作人员B. 以不适宜居住为由, 自行离开救助站的C. 患急病送医救助, 已度过危险期D. 与其他受助人员发生口角, 扰乱救助站秩序E. 救助期已满, 无正当理由不愿离站",ABE,"本题考查流浪乞讨人员终止救助的情形。《城市生活无着的流浪乞讨人员救助管理办法实施细则》规定, 救助站已经实施救助或者救助期满, 受助人员应当离开救助________站。对无正当理不由愿离站的受助人员, 救助站应当终止救助。除此之外, 在下列3种情况下, 救助站也应终止救助: 第一, 救助站发现受助人员故意提供虚假个人情况的, 应当终止救助; 第二, 受助人员自愿放弃救助离开救助站的, 救助站不得限制; 第三, 受助人员擅自离开救助站的, 视同放弃救助, 救助站应当终止救助。故选A 、B 、E 。"
64,"根据《中华人民共和未国成年人保护法》, 对临时监护的未成年人, 民政部门可以采取的安置方式包括( ) 。",A. 委托亲属抚养B. 委托家庭寄养C. 交由符合条件的申请人收养D. 交由儿童福利机构进行抚养E. 交由未成年人救助保护机构进行收留,ABDE,"本题考查对未成年人临时监护的措施。 《中华人民共和未国成年人保护法》第九十三条规定, 对临时监护的未成年人, 民政部门可以采取委托亲属抚养、家庭寄养等方式进行安置, 也可以交由未成年人救助保护机构或者儿童福利机构进行收留、抚养。临时监护期间, 经民政部门评估, 监护人重新具备履行监护职责条件的, 民政部门可以将未成年人送回监护人抚养。故选A 、B 、D 、E 。"
65,"根据《中华人民共和民国法典》, 导致婚姻无效的情形有 ( ) 。","A. 重婚B. 未到法定婚龄C. 与他人同居D. 有禁止结婚的亲属关系E. 婚前患有严重疾病, 婚后尚未治愈",ABD,"本题考查无效婚姻的情形。 《中华人民共和民国法典》第一千零五十一条规定, 有下列情形之一的, 婚姻无效: ( 一) 重婚; ( 二) 有禁止结婚的亲属关系;( 三) 未到法定婚龄。故选A 、B、D 。"
66,"蒋某和霍某婚后育有三子甲、乙、丙, 霍某早年去世。甲于2017 年死亡, 生前育有一女; 乙育有一子一女; 丙未婚未育。蒋某于2022 年12 月因病死亡, 未订立遗嘱。根据《中华人民共和民国法典》, 蒋某的法定继承人有()",A.甲女 B. 乙C. 乙女D. 乙子E. 丙,ABE,"本题考查法定继承的人规定。法定继承是人指根据法律规定可依法继承被继承人遗产的人。根据《中华人民共和民国法典》继承编, 法定继承范人围包括: 第一顺序: 配偶、子女、父母以及对公婆或岳父、岳母尽了主要赡养义务的丧偶儿媳、女婿; 第二顺序: 兄弟姐妹、祖父母、外祖父母。题目中的法定继承人有甲乙丙, 其中甲某去世由女儿代位继承。故选A 、B、E。"
67,"根据《信访工作条例》, 关于信访工作的说法, 正确的有( ) 。","A. 信访工作是党的群众工作的重要组成部分B. 信访工作是党和政府了解民情、集中民智、维护民利、凝聚民心的一项重要工作C. 信访工作是各级机关、单位及其领导干部、工作人员接受群众监督、改进工作作风的重要途径D. 信访工作是各级机关、单位及其工作人员处理诉讼请求的一种重要方式E. 信访工作坚持源头治理化解矛盾, 着力点放在源头预防和前端化解",ABCE,"本题考查信访工作的规定。《信访工作条例》第三条规定, 信访工作是党的群众工作的重要组成部分, 是党和政府了解民情、集中民智、维护民利、凝聚民心的一项重要工作, 是各级机关、单位及其领导干部、工作人员接受群众监督、改进工作作风的重要途径, A 、B、C 选项正确。第五条规定, 信访工作应当遵循的原则之一: 坚持源头治理化解矛盾。多措并举、综合施策, 着力点放在源头预防和前端化解, 把可能引发信访问题的矛盾纠纷化解在基层、化解在萌芽状态, E 选项正确。_______第二十八条规定, 各级机关、单位应当按照诉讼与信访分离制度要求, 将涉及民事、行政、刑事诉讼权利救济的信访事项从普通信访体制中分离出来, 由有关政法部门依法处理, D 选项错误。故选A 、B 、C 、E 。"
68,"根据《烈士褒扬条例》, 烈士子女接受教育时, 按照国家有关规定可以享受的优待有( ) 。","A. 就读公办幼儿园的, 可以免除保教费B. 报考普通高中、中等职业学校的, 免试录取C. 报考高等学校本、专科的, 可以按照国家有关规定降低分数要求投档D. 报考高等学校研究生的, 在同等条件下优先录取E. 在公办学校就读的, 免交学杂费, 并享受国家助学政策",ACDE,"本题考查烈士子女教育优待的规定。《烈士褒扬条例》规定, 烈士子女接受学前教育和义务教育的, 应当按照国家有关规定予以优待; 在公办幼儿园接受学前教育的, 免交保教费, A 选项正确。烈士子女报考普通高中、中等职业学校、高等学校研究生的, 在同等条件下优先录取, B 选项错误, D 选项正确; 报考高等学校本、专科的,可以按照国家有关规定降低分数要求投档, C 选项正确; 在公办学校就读的, 免交学费、杂费, 并享受国家规定的各项助学政策, E 选项正确。故选A 、C 、D 、E。"
69,"根据《中华人民共和退国役军人保障法》, 对退役的义务兵, 国家采取( )等方式妥善安置。",A. 供养B. 复员C. 自主就业D. 安排工作E. 逐月领取退役金,ACD," 本题考查退役士兵安置的规定。 《中华人民共和退国役军人保障法》第二十三条规定, 对退役的义务兵, 国家采取自主就业、安排工作、供养等方式妥善安置。以自主就业方式安置的, 领取一次性退役金。以安排工作方式安置的, 由安置地人民政府根据其服现役期间所作贡献、专长等安排工作岗位。以供养方式安置的, 由国家供养终身。故选A 、C 、D。"
70,"根据《关于加强城乡社区协商的意见》, 关于确定协商主体的说法, 正确的有( ) 。","A. 涉及行政村、社区公共事务和居民切身利益的事项, 由村(社区) 党组织、村(居) 民委员会牵头, 组织利益相关方进行协商B. 涉及两个以上行政村、社区的重要事项, 单靠某一村(社区) 无法开展协商时,由乡镇、街道党委( 党委) 牵头组织开展协商C. 涉及两个以上行政村、社区的重要事项, 单靠某一村(社区) 无法开展协商时,由基层政府及其派出机关牵头组织开展协商D. 人口较多的自然村、村民小组, 在村党组织的领导下组织居民进行协商E. 人口较多的自然村、村民小组, 在村委会的领导下组织居民进行协商",ABD,"本题考查民主协商的协商主体。《关于加强城乡社区协商的意见》规定, 基层政府及其派出机关、村(社区) 党组织、村(居) 民委员会、村(居) 务监督委员会、村( 居) 民小组、驻村(社区) 单位、社区社会组织、业主委员会、农村集体经济组织、农民合作组织、物业服务企业和当地户籍居民、非户籍居民代表以及其他利益相关方可以作为协商主体。涉及行政村、社区公共事务和居民切身利益的事项, 由村(社区) 党组织、村(居) 民委员会牵头, 组织利益相关方进行协商, A 选项正确。涉及两个以上行政村、社区的重要事项, 单靠某一村(社区) 无法开展协商时, 由乡镇、街道党委(党工委) 牵头组织开展协商, B 选项正确。人口较多的自然村、村民小组, 在村党组织的领导下组织居民进行协商, D 选项正确。专业性、技术性较强的事项, 可以邀请相关专家学者、专业技术人员、第三方机构等进行论证评估。协商中应当重视吸纳威望高、办事公道的老党员、老干部、群众代表, 党代表、人大代表、政协委员, 以及基层群团组织负责人、社会工作者参与。故选A 、B、D。"
71,"根据《中共中央国务院关于加强基层治理体系和治理能力现代化建设的意见》，关于加强村(居) 民委员会规范化建设的说法, 正确的有( ) 。",A. 坚持党组织领导基层群众自治组织制度B. 建立基层群众自治组织法人备案制度C. 增强村居委会行政执行能力D. 增强村居委会仲裁调解能力E. 加强集体资产管理,ABE,"本题考查村(居) 民委员会规范化建设的规定。《中共中央国务院关于加强基层治理体系和治理能力现代化建设的意见》提出要加强村( 居) 民委员会规范化建设。坚持党组织领导基层群众自治组织的制度, 建立基层群众自治组织法人备案制度, 加强集体资产管理规范撤销村民委员会改设社区居民委员的会条件和程序, 合理确定村(社区) 规模, 不盲目求大。发挥村( 居) 民委员会下设的人民调解、治安保卫、公共卫生等委员会作用, 村民委员会应设妇女和儿童工作委员会, 社区居民委员会可增设环境和物业管理等委员会, 并做好相关工作。完善村( 居) 民委员会成员履职承诺和述职制度。故选A 、B、E。"
72,"按照甲志愿服务组织安排, 社会工作硕士研究生小张到乙街道老年协会开展志愿服务。根据《志愿服务记录与证明出具办法(试行) 》, 小张获得志愿服务记录证明的方法有( ) 。",A. 小张所在学校出具B. 甲志愿服务组织出具C. 乙街道办事处出具D. 乙街道老年协会出具E. 小张自行在志愿服务信息系统中打印,BE,"本题考查出具志愿服务记录证明的规定。《志愿服务记录与证明出具办法(试行) 》第十四条规定, 志愿服务组织应当根据志愿者的需要, 以志愿服务记录信息为依据, 为志愿者无偿、如实出具志愿服务记录证明。志愿者可以在志愿服务信息系统中打印本人的志愿服务记录证明。故选B 、E。"
73,"全面实现行业协会商会与行政机关脱钩, 是加快转变政府职能、促进行业协会商会规范发展的重要举措。根据《行业协会商会与行政机关脱钩总体方案》, 脱钩改革的主要任务和措施包括( ) 等内容。",A. 机构分离B. 职能分离C. 人员管理分离D. 信息资源分离E. 资产财务分离,ABCE,"本题考查行业协会商会与行政机关脱钩的规定。《行业协会商会与行政机关脱钩总体方案》规定, 脱钩任务和措施主要有: 机构分离, 规范综合监管关系; 职能分离, 规范行政委托和职责分工关系; 资产财务分离, 规范财产关系; 人员管理分离, 规范用人关系; 党建、外事等事项分离, 规范管理关系。故选A 、B、C 、E。"
74,"某汽车生产企业因生产规模扩大需扩招一批员工, 在招聘过程中, 以下行为符合保障女性权益要求的是( ) 。",A. 询问女性求职者婚姻状况B. 询问女性求职者生育情况C. 询问女性求职者期望薪资D. 询问女性求职者学历情况E. 在体检环节对女性求职者进行妊娠测试,CD," 本题考查招聘女职工的规定。 《中华人民共和妇国女权益保障法》第四十三条规定, 用人单位在招录(聘) 过程中, 除国家另有规定外, 不得实施下列行为:( 一) 限定为男性或者规定男性优先; (二) 除个人基本信息外, 进一步询问或者调查女性求职者的婚育情况, A 、B选项错误; (三) 将妊娠测试作为入职体检项目, E选项错误; ( 四) 将限制结婚、生育或者婚姻、生育状况作为录( 聘) 用条件; ( 五) 其他以性别为由拒绝录(聘) 用妇女或者差别化地提高对妇女录(聘) 用标准的行为。故选C 、D 。"
75,"根据《集体合同规定》, 下列合同条款, 集体协商双方可以进行协商的有( ) 。",A. 工资标准B. 休假安排C. 工作时间D. 补充保险和福利E. 基本医疗保险缴费比例,ABCD,"本题考查集体协商的内容。《集体合同规定》第八条规定, 集体协商双方可以就下列多项或某项内容进行集体协商, 签订集体合同或专项集体合同:( 一) 劳动报酬( A 选项) ; (二) 工作时间( C 选项) ; (三) 休息休假( B 选项) ; ( 四) 劳动安全与卫生; (五) 补充保险和福利( D选项) ; (六) 女职工和未成年工特殊保护; (七) 职业技能培训; ( 八) 劳动合同管理; ( 九) 奖惩; ( 十) 裁员; ( 十一) 集体合同期限;(十二) 变更、解除集体合同的程序; (十三) 履行集体合同发生争议时的协商处理办法;( 十四) 违反集体合同的责任; ( 十五) 双方认为应当协商的其他内容。故选A 、B、C 、D。"
76,"小林为专门从事心理治疗的人员。根据《中华人民共和精国神卫生法》, 小林可以在医疗机构内开展的服务有( ) 。",A. 提供心理咨询服务B. 开展心理治疗活动C. 从事精神障碍的诊断D. 为精神障碍患者开具处方E. 为精神障碍患者提供外科治疗,AB,"本题考查精神障碍诊断和治疗的规定。 《中华人民共和精国神卫生法》第五十一条规定, 心理治疗活动应当在医疗机构内开展。专门从事心理治疗的人员不得从事精神障碍的诊断, 不得为精神障碍患者开具处方或者提供外科治疗。心理治疗的技术规范由国务院卫生行政部门制定。故选A 、B。"
77,"根据《中华人民共和基国本医疗卫生与健康促进法》, 关于社会力量举办医疗卫生机构的说法, 正确的有( ) 。",A. 社会力量可以选择设立非营利性或者营利性医疗卫生机构B. 社会力量举办的医疗卫生机构可以对外出租、承包医疗科室C. 社会力量可以与政府举办的医疗卫生机构合作举办非营利性医疗卫生机构D. 社会力量举办的医疗卫生机构在基本医疗保险定点、医疗卫生人员职称评定等方面享有与政府举办的医疗卫生机构同等的权利E. 社会力量举办的非营利性医疗卫生机构按照规定享受与政府举办的医疗卫生机构同等的税收、财政补助、用地、用水、用电、用气、用热等政策,ACDE,"本题考查社会力量举办医疗卫生机构的规定。 《中华人民共基和本国医疗卫生与健康促进法》第三十九条规定, 医疗卫生机构不得对外出租、承包医疗科室, 非营利性医疗卫生机构不得向出资人、举办者分配或者变相分配收益, B 选项错误。第四十条规定, 国家鼓励政府举办的医疗卫生机构与社会力量合作举办非营利性医疗卫生机构, C选项正确。第四十一规条定, 社会力量举办的医疗卫生机构在基本医疗保险定点、重点专科建设、科研教学、等级评审、特定医疗技术准入、医疗卫生人员职称评定等方面享有与政府举办的医疗卫生机构同等的权利, D 选项正确。社会力量可以选择设立非营利性或者营利性医疗卫生机构, A 选项正确。社会力量举办的非营利性医疗卫生机构按照规定享受与政府举办的医疗卫生机构同等的税收、财政补助、用地、用水、用电、用气、用热等政策, 并依法接受监督管理, E 选项正确。故选A 、C 、D 、E。"
78,"根据《国务院关于建立统一的城乡居民基本养老保险制度的意见》, 下列缴费中, 应全部计入城乡居民基本养老保险个人账户的有( ) 。",A. 个人缴费B. 集体补助C. 公益慈善组织对参保人的缴费资助D. 地方人民政府对参保人的缴费补贴E. 中央财政对基础养老金的补助,ABCD,"本题考查基本养老保险个人账户的组成。《国务院关于建立统一的城乡居民基本养老保险制度的意见》规定, 国家为每个参保人员建立终身记录的养老保险个人账户,个人缴费、地方人民政府对参保人的缴费补贴、集体补助及其他社会经济组织、公益慈善组织、个人对参保人的缴费资助, 全部记入个人账户。个人账户储存额按国家规定计息。故选A 、B、C、D。"
79,"城镇居民基本医疗保险实行个人缴费和政府补贴相结合。根据《中华人民共和国社会保险法》, 下列城镇居民, 其基本医疗保险的个人缴费部分可享受政府补贴的有( ) 。","A. 小李, 10周岁, 低收入家庭成员B. 小郭, 16 周岁, 辍学, 父母外出务工C. 老张, 50 周岁, 低保家庭成员D. 老周, 55 周岁, 肢体残疾、丧失劳动能力E. 老吴, 65 周岁, 低收入家庭成员",ACDE,"本题考查政府对特定人员的医疗保险补贴。 《中华人民共和社国会保险法》第二十五条规定, 享受最低生活保障的人、丧失劳动能力的残疾人、低收入家庭60 周岁以上的老年人和未成年人等所需个人缴费部分, 由政府给予补贴。故选A 、C 、D 、E。"
80,"根据《中华人民共和社国会保险法》, 下列因工伤发生的费用中, 可以由工伤保险基金支付的有( ) 。","A. 劳动能力鉴定费B. 治疗工伤期间的工资福利C. 安装配置伤残辅助器具所需费用D. 一至四级伤残职工按月领取的伤残津贴E. 生活不能自理的, 经劳动能力鉴定委员会确认的生活护理费",ACDE,"本题考查工伤保险待遇的规定。 《中华人民共和社国会保险法》第三十八条规定, 因工伤发生的下列费用, 按照国家规定从工伤保险基金中支付:( 一) 治疗工伤的医疗费用和康复费用; (二) 住院伙食补助费; (三) 到统筹地区以外就医的交通食宿费;( 四) 安装配置伤残辅助器具所需费用; (五) 生活不能自理的, 经劳动能力鉴定委员会确认的生活护理费; (六) 一次性伤残补助金和一至四级伤残职工按月领取的伤残津贴; (七) 终止或者解除劳动合同时, 应当享受的一次性医疗补助金; ( 八) 因工死亡的, 其遗属领取的丧葬补助金、供养亲属抚恤金和因工死亡 补助金; ( 九) 劳动能力鉴定费。故选A 、C 、D 、E 。"
